"","answer.keys","n","size","trials_3.thisRepN","participant"
"1","down",5,3,1,"AS"
"2","down",6,1,1,"AS"
"3","down",5,4,1,"AS"
"4","right",4,3,1,"AS"
"5","right",3,3,1,"AS"
"6","down",4,1,1,"AS"
"7","down",3,4,1,"AS"
"8","down",1,1,1,"AS"
"9","down",3,5,1,"AS"
"10","down",1,2,1,"AS"
"11","down",2,4,1,"AS"
"12","down",4,4,1,"AS"
"13","down",2,3,1,"AS"
"14","down",4,2,1,"AS"
"15","down",6,5,1,"AS"
"16","down",5,5,1,"AS"
"17","down",2,5,1,"AS"
"18","down",4,5,1,"AS"
"19","down",5,1,1,"AS"
"20","down",2,1,1,"AS"
"21","down",3,2,1,"AS"
"22","down",5,2,1,"AS"
"23","down",6,2,1,"AS"
"24","down",6,4,1,"AS"
"25","down",1,3,1,"AS"
"26","down",6,3,1,"AS"
"27","down",2,2,1,"AS"
"28","down",1,4,1,"AS"
"29","down",1,5,1,"AS"
"30","down",3,1,1,"AS"
"31","down",1,5,1,"AVD"
"32","right",2,4,1,"AVD"
"33","right",1,2,1,"AVD"
"34","right",2,1,1,"AVD"
"35","right",5,3,1,"AVD"
"36","right",4,1,1,"AVD"
"37","right",5,5,1,"AVD"
"38","down",6,4,1,"AVD"
"39","right",6,5,1,"AVD"
"40","right",4,4,1,"AVD"
"41","down",4,3,1,"AVD"
"42","right",2,5,1,"AVD"
"43","down",5,1,1,"AVD"
"44","down",3,1,1,"AVD"
"45","down",1,4,1,"AVD"
"46","down",4,2,1,"AVD"
"47","down",5,4,1,"AVD"
"48","down",1,1,1,"AVD"
"49","down",2,2,1,"AVD"
"50","right",3,5,1,"AVD"
"51","down",6,1,1,"AVD"
"52","down",2,3,1,"AVD"
"53","right",3,3,1,"AVD"
"54","down",3,4,1,"AVD"
"55","down",1,3,1,"AVD"
"56","right",6,3,1,"AVD"
"57","down",6,2,1,"AVD"
"58","down",5,2,1,"AVD"
"59","down",3,2,1,"AVD"
"60","down",4,5,1,"AVD"
"61","left",6,3,1,"Dim"
"62","down",2,2,1,"Dim"
"63","left",3,4,1,"Dim"
"64","left",6,4,1,"Dim"
"65","left",4,5,1,"Dim"
"66","left",5,2,1,"Dim"
"67","down",4,2,1,"Dim"
"68","left",6,2,1,"Dim"
"69","left",3,3,1,"Dim"
"70","left",5,5,1,"Dim"
"71","down",6,1,1,"Dim"
"72","down",3,2,1,"Dim"
"73","down",5,3,1,"Dim"
"74","left",2,5,1,"Dim"
"75","down",4,1,1,"Dim"
"76","down",1,3,1,"Dim"
"77","down",4,4,1,"Dim"
"78","down",3,1,1,"Dim"
"79","down",4,3,1,"Dim"
"80","left",5,4,1,"Dim"
"81","down",2,3,1,"Dim"
"82","left",6,5,1,"Dim"
"83","down",1,4,1,"Dim"
"84","down",1,5,1,"Dim"
"85","left",1,1,1,"Dim"
"86","left",2,4,1,"Dim"
"87","down",2,1,1,"Dim"
"88","down",1,2,1,"Dim"
"89","down",3,5,1,"Dim"
"90","down",5,1,1,"Dim"
"91","down",1,5,1,"EU"
"92","down",2,2,1,"EU"
"93","right",4,1,1,"EU"
"94","right",6,4,1,"EU"
"95","left",3,4,1,"EU"
"96","down",5,1,1,"EU"
"97","left",2,5,1,"EU"
"98","left",2,3,1,"EU"
"99","down",6,2,1,"EU"
"100","down",4,4,1,"EU"
"101","left",3,2,1,"EU"
"102","down",1,1,1,"EU"
"103","down",5,5,1,"EU"
"104","down",3,1,1,"EU"
"105","down",3,5,1,"EU"
"106","down",1,3,1,"EU"
"107","left",4,3,1,"EU"
"108","down",4,5,1,"EU"
"109","down",1,4,1,"EU"
"110","down",4,2,1,"EU"
"111","down",6,3,1,"EU"
"112","down",5,3,1,"EU"
"113","down",1,2,1,"EU"
"114","down",6,1,1,"EU"
"115","left",2,4,1,"EU"
"116","left",3,3,1,"EU"
"117","down",5,4,1,"EU"
"118","down",2,1,1,"EU"
"119","down",5,2,1,"EU"
"120","left",6,5,1,"EU"
"121","right",5,2,1,"GAS"
"122","right",1,1,1,"GAS"
"123","down",6,5,1,"GAS"
"124","right",4,5,1,"GAS"
"125","right",3,2,1,"GAS"
"126","down",6,1,1,"GAS"
"127","down",5,1,1,"GAS"
"128","down",1,2,1,"GAS"
"129","down",6,3,1,"GAS"
"130","down",1,5,1,"GAS"
"131","down",4,3,1,"GAS"
"132","down",4,2,1,"GAS"
"133","down",3,5,1,"GAS"
"134","down",4,1,1,"GAS"
"135","down",2,1,1,"GAS"
"136","down",3,3,1,"GAS"
"137","left",3,1,1,"GAS"
"138","right",1,3,1,"GAS"
"139","right",6,2,1,"GAS"
"140","down",5,5,1,"GAS"
"141","right",2,4,1,"GAS"
"142","down",6,4,1,"GAS"
"143","right",3,4,1,"GAS"
"144","down",1,4,1,"GAS"
"145","right",2,2,1,"GAS"
"146","down",4,4,1,"GAS"
"147","down",5,3,1,"GAS"
"148","down",2,5,1,"GAS"
"149","down",5,4,1,"GAS"
"150","down",2,3,1,"GAS"
"151","down",6,3,1,"KVA"
"152","down",3,2,1,"KVA"
"153","down",4,1,1,"KVA"
"154","down",6,2,1,"KVA"
"155","down",2,2,1,"KVA"
"156","down",6,1,1,"KVA"
"157","down",5,5,1,"KVA"
"158","down",1,5,1,"KVA"
"159","down",5,4,1,"KVA"
"160","right",5,1,1,"KVA"
"161","down",2,4,1,"KVA"
"162","down",2,3,1,"KVA"
"163","down",4,4,1,"KVA"
"164","down",3,4,1,"KVA"
"165","down",5,3,1,"KVA"
"166","down",2,1,1,"KVA"
"167","down",3,3,1,"KVA"
"168","down",6,5,1,"KVA"
"169","down",4,3,1,"KVA"
"170","down",1,2,1,"KVA"
"171","down",1,3,1,"KVA"
"172","down",4,5,1,"KVA"
"173","down",2,5,1,"KVA"
"174","down",1,4,1,"KVA"
"175","down",5,2,1,"KVA"
"176","down",4,2,1,"KVA"
"177","down",1,1,1,"KVA"
"178","down",3,1,1,"KVA"
"179","down",6,4,1,"KVA"
"180","down",3,5,1,"KVA"
"181","down",2,1,1,"ZVV"
"182","left",4,4,1,"ZVV"
"183","left",4,3,1,"ZVV"
"184","left",6,1,1,"ZVV"
"185","left",1,3,1,"ZVV"
"186","down",5,4,1,"ZVV"
"187","left",3,1,1,"ZVV"
"188","left",5,2,1,"ZVV"
"189","left",2,2,1,"ZVV"
"190","left",2,3,1,"ZVV"
"191","left",3,5,1,"ZVV"
"192","down",2,4,1,"ZVV"
"193","left",1,4,1,"ZVV"
"194","left",1,5,1,"ZVV"
"195","left",1,1,1,"ZVV"
"196","down",2,5,1,"ZVV"
"197","left",4,5,1,"ZVV"
"198","down",6,2,1,"ZVV"
"199","left",3,3,1,"ZVV"
"200","down",3,2,1,"ZVV"
"201","left",6,5,1,"ZVV"
"202","down",5,1,1,"ZVV"
"203","left",3,4,1,"ZVV"
"204","down",4,1,1,"ZVV"
"205","left",1,2,1,"ZVV"
"206","left",4,2,1,"ZVV"
"207","left",5,5,1,"ZVV"
"208","left",5,3,1,"ZVV"
"209","down",6,4,1,"ZVV"
"210","left",6,3,1,"ZVV"
"211","down",1,3,1,"PK"
"212","right",2,1,1,"PK"
"213","left",6,5,1,"PK"
"214","down",1,2,1,"PK"
"215","down",2,4,1,"PK"
"216","down",4,3,1,"PK"
"217","left",5,3,1,"PK"
"218","left",6,4,1,"PK"
"219","down",2,3,1,"PK"
"220","left",5,2,1,"PK"
"221","down",1,5,1,"PK"
"222","down",6,2,1,"PK"
"223","right",4,5,1,"PK"
"224","left",3,4,1,"PK"
"225","down",3,5,1,"PK"
"226","down",5,1,1,"PK"
"227","down",4,4,1,"PK"
"228","down",1,4,1,"PK"
"229","left",2,5,1,"PK"
"230","down",4,1,1,"PK"
"231","right",3,3,1,"PK"
"232","down",2,2,1,"PK"
"233","right",6,1,1,"PK"
"234","left",6,3,1,"PK"
"235","down",1,1,1,"PK"
"236","down",4,2,1,"PK"
"237","left",5,4,1,"PK"
"238","down",5,5,1,"PK"
"239","down",3,1,1,"PK"
"240","down",3,2,1,"PK"
"241","right",6,1,1,"AK"
"242","down",2,1,1,"AK"
"243","down",3,1,1,"AK"
"244","right",3,3,1,"AK"
"245","right",2,2,1,"AK"
"246","right",6,3,1,"AK"
"247","right",2,4,1,"AK"
"248","right",2,5,1,"AK"
"249","right",5,3,1,"AK"
"250","right",1,5,1,"AK"
"251","right",6,5,1,"AK"
"252","right",5,2,1,"AK"
"253","right",3,4,1,"AK"
"254","right",1,4,1,"AK"
"255","down",2,3,1,"AK"
"256","right",6,2,1,"AK"
"257","left",5,5,1,"AK"
"258","right",5,4,1,"AK"
"259","right",6,4,1,"AK"
"260","right",1,3,1,"AK"
"261","left",4,2,1,"AK"
"262","down",1,1,1,"AK"
"263","down",1,2,1,"AK"
"264","right",3,2,1,"AK"
"265","down",5,1,1,"AK"
"266","right",4,5,1,"AK"
"267","right",4,4,1,"AK"
"268","left",3,5,1,"AK"
"269","down",4,1,1,"AK"
"270","left",4,3,1,"AK"
"271","down",4,1,1,"LPL"
"272","right",5,2,1,"LPL"
"273","right",4,4,1,"LPL"
"274","left",5,4,1,"LPL"
"275","down",1,3,1,"LPL"
"276","left",3,4,1,"LPL"
"277","down",4,3,1,"LPL"
"278","right",5,5,1,"LPL"
"279","left",4,5,1,"LPL"
"280","left",3,5,1,"LPL"
"281","down",6,1,1,"LPL"
"282","down",6,3,1,"LPL"
"283","right",2,4,1,"LPL"
"284","left",1,4,1,"LPL"
"285","down",2,3,1,"LPL"
"286","left",5,1,1,"LPL"
"287","down",6,4,1,"LPL"
"288","down",1,2,1,"LPL"
"289","right",2,2,1,"LPL"
"290","down",2,1,1,"LPL"
"291","down",3,1,1,"LPL"
"292","left",1,5,1,"LPL"
"293","down",4,2,1,"LPL"
"294","down",1,1,1,"LPL"
"295","down",3,2,1,"LPL"
"296","down",3,3,1,"LPL"
"297","right",5,3,1,"LPL"
"298","right",6,2,1,"LPL"
"299","left",6,5,1,"LPL"
"300","left",2,5,1,"LPL"
"301","right",4,5,1,"DG"
"302","down",3,4,1,"DG"
"303","down",2,2,1,"DG"
"304","down",3,3,1,"DG"
"305","left",6,5,1,"DG"
"306","left",2,4,1,"DG"
"307","left",2,5,1,"DG"
"308","right",2,3,1,"DG"
"309","down",4,3,1,"DG"
"310","down",1,1,1,"DG"
"311","down",6,2,1,"DG"
"312","down",3,5,1,"DG"
"313","left",6,1,1,"DG"
"314","down",5,5,1,"DG"
"315","left",6,4,1,"DG"
"316","left",1,3,1,"DG"
"317","down",5,2,1,"DG"
"318","left",5,3,1,"DG"
"319","down",1,2,1,"DG"
"320","left",3,2,1,"DG"
"321","down",3,1,1,"DG"
"322","down",6,3,1,"DG"
"323","left",2,1,1,"DG"
"324","down",5,1,1,"DG"
"325","left",4,4,1,"DG"
"326","down",1,5,1,"DG"
"327","down",1,4,1,"DG"
"328","down",5,4,1,"DG"
"329","down",4,2,1,"DG"
"330","down",4,1,1,"DG"
"331","down",6,1,1,"NG"
"332","down",5,1,1,"NG"
"333","down",2,5,1,"NG"
"334","down",1,3,1,"NG"
"335","left",1,2,1,"NG"
"336","left",2,4,1,"NG"
"337","left",5,2,1,"NG"
"338","down",4,5,1,"NG"
"339","down",5,3,1,"NG"
"340","left",4,3,1,"NG"
"341","down",1,4,1,"NG"
"342","down",2,1,1,"NG"
"343","left",2,3,1,"NG"
"344","down",6,5,1,"NG"
"345","down",4,1,1,"NG"
"346","left",3,1,1,"NG"
"347","left",3,3,1,"NG"
"348","left",6,4,1,"NG"
"349","down",6,2,1,"NG"
"350","down",6,3,1,"NG"
"351","left",3,5,1,"NG"
"352","down",1,1,1,"NG"
"353","left",3,2,1,"NG"
"354","down",4,2,1,"NG"
"355","left",5,4,1,"NG"
"356","left",4,4,1,"NG"
"357","down",5,5,1,"NG"
"358","left",3,4,1,"NG"
"359","left",1,5,1,"NG"
"360","down",2,2,1,"NG"
"361","down",3,1,1,"ES"
"362","right",4,3,1,"ES"
"363","left",3,5,1,"ES"
"364","left",1,4,1,"ES"
"365","left",6,5,1,"ES"
"366","left",6,4,1,"ES"
"367","down",2,3,1,"ES"
"368","down",5,4,1,"ES"
"369","down",6,1,1,"ES"
"370","left",5,5,1,"ES"
"371","down",1,1,1,"ES"
"372","down",1,3,1,"ES"
"373","down",4,1,1,"ES"
"374","left",6,3,1,"ES"
"375","left",3,3,1,"ES"
"376","down",3,2,1,"ES"
"377","left",2,4,1,"ES"
"378","left",4,4,1,"ES"
"379","left",4,2,1,"ES"
"380","left",6,2,1,"ES"
"381","right",5,3,1,"ES"
"382","right",2,1,1,"ES"
"383","left",4,5,1,"ES"
"384","right",1,5,1,"ES"
"385","left",5,2,1,"ES"
"386","down",3,4,1,"ES"
"387","left",2,5,1,"ES"
"388","down",1,2,1,"ES"
"389","down",5,1,1,"ES"
"390","down",2,2,1,"ES"
"391","right",3,2,1,"MS"
"392","right",5,2,1,"MS"
"393","right",1,4,1,"MS"
"394","right",6,4,1,"MS"
"395","left",3,4,1,"MS"
"396","down",2,2,1,"MS"
"397","left",6,5,1,"MS"
"398","down",2,1,1,"MS"
"399","left",1,2,1,"MS"
"400","left",1,5,1,"MS"
"401","left",4,5,1,"MS"
"402","left",6,1,1,"MS"
"403","left",1,3,1,"MS"
"404","down",6,2,1,"MS"
"405","down",5,4,1,"MS"
"406","down",6,3,1,"MS"
"407","down",3,5,1,"MS"
"408","down",1,1,1,"MS"
"409","down",5,3,1,"MS"
"410","left",4,3,1,"MS"
"411","left",2,5,1,"MS"
"412","down",2,3,1,"MS"
"413","down",4,1,1,"MS"
"414","down",3,1,1,"MS"
"415","left",3,3,1,"MS"
"416","down",5,5,1,"MS"
"417","down",5,1,1,"MS"
"418","down",4,4,1,"MS"
"419","down",2,4,1,"MS"
"420","down",4,2,1,"MS"
"421","down",2,5,1,"AD"
"422","left",5,5,1,"AD"
"423","left",3,3,1,"AD"
"424","down",3,4,1,"AD"
"425","down",5,3,1,"AD"
"426","down",6,3,1,"AD"
"427","left",6,4,1,"AD"
"428","down",1,1,1,"AD"
"429","left",3,5,1,"AD"
"430","left",6,2,1,"AD"
"431","left",5,4,1,"AD"
"432","right",4,5,1,"AD"
"433","left",2,4,1,"AD"
"434","left",3,1,1,"AD"
"435","left",2,2,1,"AD"
"436","left",6,5,1,"AD"
"437","down",2,3,1,"AD"
"438","down",4,4,1,"AD"
"439","down",6,1,1,"AD"
"440","down",1,2,1,"AD"
"441","down",4,2,1,"AD"
"442","left",5,2,1,"AD"
"443","right",1,3,1,"AD"
"444","left",4,1,1,"AD"
"445","down",2,1,1,"AD"
"446","left",3,2,1,"AD"
"447","down",4,3,1,"AD"
"448","down",1,5,1,"AD"
"449","left",5,1,1,"AD"
"450","down",1,4,1,"AD"
"451","down",4,3,1,"RAA"
"452","down",3,3,1,"RAA"
"453","down",6,5,1,"RAA"
"454","left",3,2,1,"RAA"
"455","left",5,4,1,"RAA"
"456","down",3,4,1,"RAA"
"457","down",4,1,1,"RAA"
"458","left",4,2,1,"RAA"
"459","left",1,5,1,"RAA"
"460","down",2,4,1,"RAA"
"461","left",5,1,1,"RAA"
"462","left",5,5,1,"RAA"
"463","left",6,1,1,"RAA"
"464","down",5,2,1,"RAA"
"465","down",1,4,1,"RAA"
"466","down",5,3,1,"RAA"
"467","down",6,3,1,"RAA"
"468","down",2,1,1,"RAA"
"469","down",4,4,1,"RAA"
"470","down",4,5,1,"RAA"
"471","down",1,2,1,"RAA"
"472","down",3,5,1,"RAA"
"473","left",6,4,1,"RAA"
"474","left",1,3,1,"RAA"
"475","down",2,3,1,"RAA"
"476","left",2,5,1,"RAA"
"477","left",6,2,1,"RAA"
"478","left",2,2,1,"RAA"
"479","down",1,1,1,"RAA"
"480","down",3,1,1,"RAA"
"481","right",5,5,1,"KAA"
"482","down",3,2,1,"KAA"
"483","down",1,1,1,"KAA"
"484","right",4,4,1,"KAA"
"485","left",6,1,1,"KAA"
"486","left",4,2,1,"KAA"
"487","down",2,2,1,"KAA"
"488","down",2,1,1,"KAA"
"489","down",3,5,1,"KAA"
"490","down",2,3,1,"KAA"
"491","left",6,4,1,"KAA"
"492","down",2,4,1,"KAA"
"493","down",6,2,1,"KAA"
"494","down",3,4,1,"KAA"
"495","left",4,1,1,"KAA"
"496","left",6,5,1,"KAA"
"497","down",1,4,1,"KAA"
"498","left",3,3,1,"KAA"
"499","down",3,1,1,"KAA"
"500","left",6,3,1,"KAA"
"501","left",5,1,1,"KAA"
"502","down",1,3,1,"KAA"
"503","down",2,5,1,"KAA"
"504","down",5,2,1,"KAA"
"505","down",5,3,1,"KAA"
"506","left",5,4,1,"KAA"
"507","left",4,3,1,"KAA"
"508","down",4,5,1,"KAA"
"509","down",1,2,1,"KAA"
"510","down",1,5,1,"KAA"
"511","right",1,2,1,"NV"
"512","down",6,3,1,"NV"
"513","down",2,3,1,"NV"
"514","down",2,1,1,"NV"
"515","down",6,4,1,"NV"
"516","right",5,2,1,"NV"
"517","down",1,5,1,"NV"
"518","down",6,1,1,"NV"
"519","down",4,1,1,"NV"
"520","down",5,5,1,"NV"
"521","down",2,5,1,"NV"
"522","down",3,5,1,"NV"
"523","down",5,1,1,"NV"
"524","left",5,4,1,"NV"
"525","down",4,3,1,"NV"
"526","right",3,2,1,"NV"
"527","down",3,1,1,"NV"
"528","right",4,2,1,"NV"
"529","right",6,2,1,"NV"
"530","down",3,4,1,"NV"
"531","down",4,5,1,"NV"
"532","right",1,3,1,"NV"
"533","down",4,4,1,"NV"
"534","down",2,4,1,"NV"
"535","down",2,2,1,"NV"
"536","down",6,5,1,"NV"
"537","down",5,3,1,"NV"
"538","right",1,1,1,"NV"
"539","down",1,4,1,"NV"
"540","down",3,3,1,"NV"
"541","down",1,2,1,"GMV"
"542","right",2,3,1,"GMV"
"543","down",4,1,1,"GMV"
"544","right",6,1,1,"GMV"
"545","left",4,5,1,"GMV"
"546","down",6,2,1,"GMV"
"547","down",6,4,1,"GMV"
"548","down",3,4,1,"GMV"
"549","right",3,2,1,"GMV"
"550","left",1,1,1,"GMV"
"551","right",3,1,1,"GMV"
"552","down",5,5,1,"GMV"
"553","down",1,4,1,"GMV"
"554","down",3,5,1,"GMV"
"555","right",4,3,1,"GMV"
"556","down",2,1,1,"GMV"
"557","down",4,2,1,"GMV"
"558","left",5,4,1,"GMV"
"559","down",1,5,1,"GMV"
"560","right",6,3,1,"GMV"
"561","down",4,4,1,"GMV"
"562","down",6,5,1,"GMV"
"563","right",2,2,1,"GMV"
"564","right",1,3,1,"GMV"
"565","down",3,3,1,"GMV"
"566","down",5,1,1,"GMV"
"567","down",2,5,1,"GMV"
"568","right",5,2,1,"GMV"
"569","down",2,4,1,"GMV"
"570","left",5,3,1,"GMV"
"571","down",6,4,1,"AG"
"572","down",3,4,1,"AG"
"573","right",2,2,1,"AG"
"574","down",2,3,1,"AG"
"575","down",4,1,1,"AG"
"576","down",4,4,1,"AG"
"577","down",5,2,1,"AG"
"578","down",1,5,1,"AG"
"579","down",1,3,1,"AG"
"580","down",5,3,1,"AG"
"581","down",3,2,1,"AG"
"582","down",3,5,1,"AG"
"583","down",6,1,1,"AG"
"584","down",2,1,1,"AG"
"585","down",5,4,1,"AG"
"586","left",1,2,1,"AG"
"587","down",6,5,1,"AG"
"588","down",3,3,1,"AG"
"589","down",4,5,1,"AG"
"590","down",2,5,1,"AG"
"591","down",2,4,1,"AG"
"592","down",4,3,1,"AG"
"593","down",5,1,1,"AG"
"594","down",6,2,1,"AG"
"595","down",1,4,1,"AG"
"596","down",3,1,1,"AG"
"597","down",4,2,1,"AG"
"598","down",5,5,1,"AG"
"599","down",1,1,1,"AG"
"600","down",6,3,1,"AG"
"601","left",6,5,1,"AA"
"602","down",3,2,1,"AA"
"603","down",4,2,1,"AA"
"604","down",4,5,1,"AA"
"605","down",1,2,1,"AA"
"606","left",5,5,1,"AA"
"607","left",2,3,1,"AA"
"608","down",4,3,1,"AA"
"609","left",6,1,1,"AA"
"610","down",6,3,1,"AA"
"611","left",5,4,1,"AA"
"612","left",1,3,1,"AA"
"613","down",5,1,1,"AA"
"614","down",1,1,1,"AA"
"615","down",2,5,1,"AA"
"616","down",3,5,1,"AA"
"617","down",2,1,1,"AA"
"618","down",2,2,1,"AA"
"619","down",4,1,1,"AA"
"620","left",2,4,1,"AA"
"621","down",1,4,1,"AA"
"622","left",3,4,1,"AA"
"623","down",6,2,1,"AA"
"624","down",3,3,1,"AA"
"625","down",4,4,1,"AA"
"626","down",5,3,1,"AA"
"627","left",6,4,1,"AA"
"628","right",5,2,1,"AA"
"629","down",1,5,1,"AA"
"630","right",3,1,1,"AA"
"631","right",4,3,1,"VS"
"632","down",1,5,1,"VS"
"633","down",1,1,1,"VS"
"634","left",4,4,1,"VS"
"635","left",4,1,1,"VS"
"636","left",4,2,1,"VS"
"637","left",3,4,1,"VS"
"638","left",5,4,1,"VS"
"639","left",3,5,1,"VS"
"640","left",2,5,1,"VS"
"641","down",6,5,1,"VS"
"642","down",6,4,1,"VS"
"643","down",4,5,1,"VS"
"644","left",1,4,1,"VS"
"645","left",6,3,1,"VS"
"646","left",5,1,1,"VS"
"647","left",1,3,1,"VS"
"648","left",6,2,1,"VS"
"649","down",5,3,1,"VS"
"650","down",3,3,1,"VS"
"651","down",5,2,1,"VS"
"652","down",3,1,1,"VS"
"653","down",3,2,1,"VS"
"654","down",2,4,1,"VS"
"655","right",6,1,1,"VS"
"656","down",1,2,1,"VS"
"657","down",2,3,1,"VS"
"658","down",2,2,1,"VS"
"659","down",2,1,1,"VS"
"660","left",5,5,1,"VS"
"661","down",4,4,1,"DC"
"662","down",2,3,1,"DC"
"663","right",6,1,1,"DC"
"664","down",4,3,1,"DC"
"665","down",1,1,1,"DC"
"666","right",3,1,1,"DC"
"667","down",4,2,1,"DC"
"668","down",6,2,1,"DC"
"669","down",1,4,1,"DC"
"670","down",6,4,1,"DC"
"671","down",5,4,1,"DC"
"672","down",3,3,1,"DC"
"673","down",1,3,1,"DC"
"674","down",2,2,1,"DC"
"675","left",4,5,1,"DC"
"676","left",3,4,1,"DC"
"677","down",1,2,1,"DC"
"678","left",6,5,1,"DC"
"679","left",6,3,1,"DC"
"680","left",5,2,1,"DC"
"681","down",1,5,1,"DC"
"682","left",2,1,1,"DC"
"683","down",2,4,1,"DC"
"684","down",2,5,1,"DC"
"685","down",5,1,1,"DC"
"686","down",4,1,1,"DC"
"687","down",5,3,1,"DC"
"688","down",3,5,1,"DC"
"689","down",5,5,1,"DC"
"690","down",3,2,1,"DC"
"691","down",3,1,1,"ZEV"
"692","down",5,4,1,"ZEV"
"693","down",2,2,1,"ZEV"
"694","down",5,1,1,"ZEV"
"695","down",6,2,1,"ZEV"
"696","down",5,2,1,"ZEV"
"697","down",4,3,1,"ZEV"
"698","down",1,5,1,"ZEV"
"699","down",5,5,1,"ZEV"
"700","down",1,3,1,"ZEV"
"701","left",3,5,1,"ZEV"
"702","down",1,4,1,"ZEV"
"703","down",4,4,1,"ZEV"
"704","down",6,5,1,"ZEV"
"705","down",6,1,1,"ZEV"
"706","left",5,3,1,"ZEV"
"707","down",6,4,1,"ZEV"
"708","down",1,2,1,"ZEV"
"709","down",4,2,1,"ZEV"
"710","left",2,5,1,"ZEV"
"711","down",4,5,1,"ZEV"
"712","down",1,1,1,"ZEV"
"713","left",6,3,1,"ZEV"
"714","left",4,1,1,"ZEV"
"715","left",2,1,1,"ZEV"
"716","left",3,4,1,"ZEV"
"717","left",2,4,1,"ZEV"
"718","left",3,2,1,"ZEV"
"719","down",2,3,1,"ZEV"
"720","left",3,3,1,"ZEV"
"721","right",4,3,1,"OR"
"722","down",3,5,1,"OR"
"723","down",2,3,1,"OR"
"724","left",6,4,1,"OR"
"725","down",6,1,1,"OR"
"726","down",1,3,1,"OR"
"727","left",1,4,1,"OR"
"728","right",3,2,1,"OR"
"729","left",2,5,1,"OR"
"730","left",1,5,1,"OR"
"731","down",5,2,1,"OR"
"732","down",3,1,1,"OR"
"733","left",4,1,1,"OR"
"734","left",4,4,1,"OR"
"735","left",2,2,1,"OR"
"736","left",4,2,1,"OR"
"737","left",1,2,1,"OR"
"738","left",5,5,1,"OR"
"739","left",3,3,1,"OR"
"740","left",1,1,1,"OR"
"741","left",6,3,1,"OR"
"742","left",3,4,1,"OR"
"743","right",5,4,1,"OR"
"744","left",5,1,1,"OR"
"745","down",5,3,1,"OR"
"746","down",6,2,1,"OR"
"747","down",2,1,1,"OR"
"748","left",4,5,1,"OR"
"749","down",2,4,1,"OR"
"750","right",6,5,1,"OR"
"751","left",6,4,1,"DN"
"752","left",1,1,1,"DN"
"753","down",3,1,1,"DN"
"754","left",4,4,1,"DN"
"755","left",3,5,1,"DN"
"756","left",1,4,1,"DN"
"757","left",5,1,1,"DN"
"758","down",2,1,1,"DN"
"759","down",6,1,1,"DN"
"760","left",5,5,1,"DN"
"761","down",3,4,1,"DN"
"762","down",4,2,1,"DN"
"763","down",6,3,1,"DN"
"764","left",1,3,1,"DN"
"765","down",2,3,1,"DN"
"766","left",2,5,1,"DN"
"767","left",1,2,1,"DN"
"768","down",1,5,1,"DN"
"769","down",2,4,1,"DN"
"770","down",5,4,1,"DN"
"771","down",4,1,1,"DN"
"772","down",6,5,1,"DN"
"773","left",2,2,1,"DN"
"774","down",3,2,1,"DN"
"775","down",4,5,1,"DN"
"776","left",5,2,1,"DN"
"777","left",4,3,1,"DN"
"778","down",6,2,1,"DN"
"779","down",3,3,1,"DN"
"780","down",5,3,1,"DN"
"781","right",3,4,1,"PISH"
"782","right",6,3,1,"PISH"
"783","down",5,1,1,"PISH"
"784","down",5,4,1,"PISH"
"785","right",2,3,1,"PISH"
"786","right",5,3,1,"PISH"
"787","left",4,4,1,"PISH"
"788","left",4,5,1,"PISH"
"789","left",6,5,1,"PISH"
"790","left",4,3,1,"PISH"
"791","down",4,2,1,"PISH"
"792","down",2,1,1,"PISH"
"793","left",6,2,1,"PISH"
"794","down",1,4,1,"PISH"
"795","down",6,1,1,"PISH"
"796","down",3,5,1,"PISH"
"797","right",3,3,1,"PISH"
"798","right",2,5,1,"PISH"
"799","down",3,1,1,"PISH"
"800","down",5,2,1,"PISH"
"801","down",1,2,1,"PISH"
"802","down",1,1,1,"PISH"
"803","down",6,4,1,"PISH"
"804","right",2,2,1,"PISH"
"805","down",3,2,1,"PISH"
"806","down",1,5,1,"PISH"
"807","down",4,1,1,"PISH"
"808","down",2,4,1,"PISH"
"809","left",5,5,1,"PISH"
"810","left",1,3,1,"PISH"
"811","left",6,3,1,"UO"
"812","left",1,3,1,"UO"
"813","left",5,1,1,"UO"
"814","left",5,4,1,"UO"
"815","left",5,5,1,"UO"
"816","left",4,5,1,"UO"
"817","left",2,3,1,"UO"
"818","left",1,2,1,"UO"
"819","left",3,1,1,"UO"
"820","left",6,4,1,"UO"
"821","left",2,4,1,"UO"
"822","left",6,1,1,"UO"
"823","left",5,3,1,"UO"
"824","right",2,1,1,"UO"
"825","left",1,5,1,"UO"
"826","left",1,1,1,"UO"
"827","left",6,5,1,"UO"
"828","left",2,2,1,"UO"
"829","left",4,4,1,"UO"
"830","right",1,4,1,"UO"
"831","left",4,1,1,"UO"
"832","left",6,2,1,"UO"
"833","down",4,2,1,"UO"
"834","left",4,3,1,"UO"
"835","right",2,5,1,"UO"
"836","left",3,3,1,"UO"
"837","left",3,2,1,"UO"
"838","left",3,4,1,"UO"
"839","left",3,5,1,"UO"
"840","left",5,2,1,"UO"
"841","right",4,2,1,"AK2"
"842","right",1,4,1,"AK2"
"843","down",2,4,1,"AK2"
"844","down",5,1,1,"AK2"
"845","down",4,5,1,"AK2"
"846","down",6,1,1,"AK2"
"847","down",3,4,1,"AK2"
"848","down",6,2,1,"AK2"
"849","down",5,2,1,"AK2"
"850","down",1,3,1,"AK2"
"851","down",5,5,1,"AK2"
"852","down",3,5,1,"AK2"
"853","down",1,5,1,"AK2"
"854","down",3,1,1,"AK2"
"855","down",3,3,1,"AK2"
"856","down",6,5,1,"AK2"
"857","down",6,3,1,"AK2"
"858","down",2,2,1,"AK2"
"859","down",2,5,1,"AK2"
"860","down",4,4,1,"AK2"
"861","down",5,3,1,"AK2"
"862","right",3,2,1,"AK2"
"863","down",2,3,1,"AK2"
"864","down",1,2,1,"AK2"
"865","down",1,1,1,"AK2"
"866","down",4,3,1,"AK2"
"867","left",6,4,1,"AK2"
"868","down",2,1,1,"AK2"
"869","down",4,1,1,"AK2"
"870","left",5,4,1,"AK2"
"871","down",3,4,1,"AA2"
"872","right",6,2,1,"AA2"
"873","left",4,3,1,"AA2"
"874","left",6,4,1,"AA2"
"875","left",6,5,1,"AA2"
"876","left",6,3,1,"AA2"
"877","left",1,4,1,"AA2"
"878","down",1,2,1,"AA2"
"879","down",1,1,1,"AA2"
"880","left",5,5,1,"AA2"
"881","left",2,2,1,"AA2"
"882","down",4,5,1,"AA2"
"883","down",5,4,1,"AA2"
"884","left",4,2,1,"AA2"
"885","left",4,4,1,"AA2"
"886","left",1,5,1,"AA2"
"887","left",3,2,1,"AA2"
"888","left",3,3,1,"AA2"
"889","left",2,5,1,"AA2"
"890","left",3,5,1,"AA2"
"891","down",2,3,1,"AA2"
"892","left",5,2,1,"AA2"
"893","down",1,3,1,"AA2"
"894","down",3,1,1,"AA2"
"895","down",5,1,1,"AA2"
"896","down",6,1,1,"AA2"
"897","left",5,3,1,"AA2"
"898","down",2,1,1,"AA2"
"899","down",2,4,1,"AA2"
"900","down",4,1,1,"AA2"
"901","down",1,1,1,"ADV"
"902","down",4,5,1,"ADV"
"903","down",1,5,1,"ADV"
"904","down",2,4,1,"ADV"
"905","down",2,3,1,"ADV"
"906","down",5,2,1,"ADV"
"907","down",5,5,1,"ADV"
"908","down",5,1,1,"ADV"
"909","left",3,4,1,"ADV"
"910","down",4,2,1,"ADV"
"911","down",4,1,1,"ADV"
"912","down",3,5,1,"ADV"
"913","left",1,2,1,"ADV"
"914","down",4,4,1,"ADV"
"915","down",1,4,1,"ADV"
"916","down",5,4,1,"ADV"
"917","down",3,2,1,"ADV"
"918","down",6,4,1,"ADV"
"919","down",2,1,1,"ADV"
"920","down",6,5,1,"ADV"
"921","down",6,3,1,"ADV"
"922","down",6,1,1,"ADV"
"923","down",5,3,1,"ADV"
"924","down",6,2,1,"ADV"
"925","left",1,3,1,"ADV"
"926","down",3,3,1,"ADV"
"927","down",4,3,1,"ADV"
"928","left",2,5,1,"ADV"
"929","down",2,2,1,"ADV"
"930","down",3,1,1,"ADV"
"931","down",3,4,1,"AN"
"932","left",4,3,1,"AN"
"933","right",2,1,1,"AN"
"934","left",5,5,1,"AN"
"935","down",2,5,1,"AN"
"936","down",2,4,1,"AN"
"937","down",1,3,1,"AN"
"938","down",3,2,1,"AN"
"939","left",1,5,1,"AN"
"940","down",3,1,1,"AN"
"941","down",4,1,1,"AN"
"942","down",6,4,1,"AN"
"943","down",5,2,1,"AN"
"944","left",5,4,1,"AN"
"945","down",4,4,1,"AN"
"946","left",5,3,1,"AN"
"947","down",6,3,1,"AN"
"948","down",1,1,1,"AN"
"949","down",4,5,1,"AN"
"950","left",2,3,1,"AN"
"951","down",6,2,1,"AN"
"952","down",3,5,1,"AN"
"953","down",4,2,1,"AN"
"954","down",6,5,1,"AN"
"955","left",6,1,1,"AN"
"956","down",3,3,1,"AN"
"957","down",1,2,1,"AN"
"958","down",5,1,1,"AN"
"959","left",2,2,1,"AN"
"960","down",1,4,1,"AN"
"961","down",5,2,1,"AES"
"962","down",1,5,1,"AES"
"963","right",1,2,1,"AES"
"964","down",6,4,1,"AES"
"965","down",5,3,1,"AES"
"966","down",3,4,1,"AES"
"967","right",1,1,1,"AES"
"968","left",6,5,1,"AES"
"969","left",2,2,1,"AES"
"970","left",6,1,1,"AES"
"971","left",2,1,1,"AES"
"972","down",6,2,1,"AES"
"973","left",5,4,1,"AES"
"974","left",4,2,1,"AES"
"975","left",2,3,1,"AES"
"976","down",3,1,1,"AES"
"977","left",5,1,1,"AES"
"978","left",3,5,1,"AES"
"979","down",4,5,1,"AES"
"980","left",5,5,1,"AES"
"981","left",4,4,1,"AES"
"982","left",4,3,1,"AES"
"983","left",3,3,1,"AES"
"984","left",3,2,1,"AES"
"985","left",4,1,1,"AES"
"986","down",6,3,1,"AES"
"987","left",1,4,1,"AES"
"988","left",1,3,1,"AES"
"989","left",2,5,1,"AES"
"990","left",2,4,1,"AES"
"991","down",1,2,1,"PIAs"
"992","left",5,4,1,"PIAs"
"993","down",1,1,1,"PIAs"
"994","down",5,5,1,"PIAs"
"995","left",4,3,1,"PIAs"
"996","down",1,3,1,"PIAs"
"997","down",3,2,1,"PIAs"
"998","left",1,5,1,"PIAs"
"999","down",1,4,1,"PIAs"
"1000","left",6,3,1,"PIAs"
"1001","down",3,1,1,"PIAs"
"1002","left",2,4,1,"PIAs"
"1003","left",4,5,1,"PIAs"
"1004","left",3,3,1,"PIAs"
"1005","down",4,2,1,"PIAs"
"1006","down",6,2,1,"PIAs"
"1007","down",5,2,1,"PIAs"
"1008","down",5,3,1,"PIAs"
"1009","down",2,2,1,"PIAs"
"1010","down",3,5,1,"PIAs"
"1011","down",2,1,1,"PIAs"
"1012","down",4,1,1,"PIAs"
"1013","down",2,3,1,"PIAs"
"1014","down",6,1,1,"PIAs"
"1015","down",4,4,1,"PIAs"
"1016","down",3,4,1,"PIAs"
"1017","down",6,4,1,"PIAs"
"1018","down",6,5,1,"PIAs"
"1019","down",5,1,1,"PIAs"
"1020","left",2,5,1,"PIAs"
"1021","down",1,5,1,"MLAs"
"1022","left",2,5,1,"MLAs"
"1023","left",2,4,1,"MLAs"
"1024","down",3,1,1,"MLAs"
"1025","left",3,5,1,"MLAs"
"1026","left",5,5,1,"MLAs"
"1027","down",2,1,1,"MLAs"
"1028","left",4,4,1,"MLAs"
"1029","down",4,1,1,"MLAs"
"1030","left",6,3,1,"MLAs"
"1031","down",5,2,1,"MLAs"
"1032","right",6,1,1,"MLAs"
"1033","left",3,4,1,"MLAs"
"1034","left",1,4,1,"MLAs"
"1035","left",4,3,1,"MLAs"
"1036","left",3,3,1,"MLAs"
"1037","down",6,5,1,"MLAs"
"1038","down",1,2,1,"MLAs"
"1039","down",1,1,1,"MLAs"
"1040","down",4,2,1,"MLAs"
"1041","down",5,4,1,"MLAs"
"1042","down",3,2,1,"MLAs"
"1043","left",4,5,1,"MLAs"
"1044","down",2,3,1,"MLAs"
"1045","right",5,1,1,"MLAs"
"1046","down",6,4,1,"MLAs"
"1047","down",1,3,1,"MLAs"
"1048","down",2,2,1,"MLAs"
"1049","down",6,2,1,"MLAs"
"1050","down",5,3,1,"MLAs"
"1051","down",1,1,1,"AFA"
"1052","right",1,2,1,"AFA"
"1053","left",2,3,1,"AFA"
"1054","left",1,4,1,"AFA"
"1055","left",6,4,1,"AFA"
"1056","left",4,4,1,"AFA"
"1057","right",3,1,1,"AFA"
"1058","down",4,1,1,"AFA"
"1059","down",2,2,1,"AFA"
"1060","down",1,5,1,"AFA"
"1061","left",6,5,1,"AFA"
"1062","left",3,2,1,"AFA"
"1063","right",2,5,1,"AFA"
"1064","left",5,2,1,"AFA"
"1065","right",6,1,1,"AFA"
"1066","right",4,2,1,"AFA"
"1067","down",2,4,1,"AFA"
"1068","left",1,3,1,"AFA"
"1069","down",5,1,1,"AFA"
"1070","right",5,3,1,"AFA"
"1071","down",3,5,1,"AFA"
"1072","left",5,5,1,"AFA"
"1073","left",3,4,1,"AFA"
"1074","down",3,3,1,"AFA"
"1075","down",2,1,1,"AFA"
"1076","left",6,3,1,"AFA"
"1077","left",5,4,1,"AFA"
"1078","left",4,5,1,"AFA"
"1079","left",4,3,1,"AFA"
"1080","down",6,2,1,"AFA"
"1081","down",3,1,1,"IOA"
"1082","right",2,1,1,"IOA"
"1083","right",2,3,1,"IOA"
"1084","left",2,5,1,"IOA"
"1085","down",5,5,1,"IOA"
"1086","down",4,1,1,"IOA"
"1087","right",1,3,1,"IOA"
"1088","left",4,2,1,"IOA"
"1089","down",5,1,1,"IOA"
"1090","right",1,2,1,"IOA"
"1091","right",6,2,1,"IOA"
"1092","left",3,2,1,"IOA"
"1093","left",4,4,1,"IOA"
"1094","left",2,2,1,"IOA"
"1095","left",4,5,1,"IOA"
"1096","left",2,4,1,"IOA"
"1097","right",1,4,1,"IOA"
"1098","left",4,3,1,"IOA"
"1099","left",1,5,1,"IOA"
"1100","left",6,3,1,"IOA"
"1101","left",5,2,1,"IOA"
"1102","left",3,3,1,"IOA"
"1103","right",1,1,1,"IOA"
"1104","right",5,2,1,"IZ"
"1105","down",3,5,1,"IZ"
"1106","down",3,2,1,"IZ"
"1107","right",2,2,1,"IZ"
"1108","down",1,3,1,"IZ"
"1109","down",5,3,1,"IZ"
"1110","down",4,3,1,"IZ"
"1111","down",5,4,1,"IZ"
"1112","down",6,3,1,"IZ"
"1113","down",6,4,1,"IZ"
"1114","right",1,2,1,"IZ"
"1115","down",2,5,1,"IZ"
"1116","down",2,4,1,"IZ"
"1117","down",6,2,1,"IZ"
"1118","down",4,5,1,"IZ"
"1119","down",2,3,1,"IZ"
"1120","down",1,4,1,"IZ"
"1121","down",6,1,1,"IZ"
"1122","left",5,5,1,"IZ"
"1123","down",1,5,1,"IZ"
"1124","down",3,4,1,"IZ"
"1125","down",6,5,1,"IZ"
"1126","down",3,1,1,"IZ"
"1127","down",5,1,1,"IZ"
"1128","left",4,4,1,"IZ"
"1129","down",3,3,1,"IZ"
"1130","down",1,1,1,"IZ"
"1131","down",4,1,1,"IZ"
"1132","down",4,2,1,"IZ"
"1133","down",2,1,1,"IZ"
"1134","down",1,5,1,"KAR"
"1135","down",6,2,1,"KAR"
"1136","right",1,3,1,"KAR"
"1137","down",4,3,1,"KAR"
"1138","down",2,5,1,"KAR"
"1139","down",5,4,1,"KAR"
"1140","left",6,5,1,"KAR"
"1141","down",5,5,1,"KAR"
"1142","left",6,1,1,"KAR"
"1143","down",2,4,1,"KAR"
"1144","down",5,1,1,"KAR"
"1145","down",3,1,1,"KAR"
"1146","down",2,1,1,"KAR"
"1147","down",4,4,1,"KAR"
"1148","down",4,5,1,"KAR"
"1149","left",6,4,1,"KAR"
"1150","down",3,3,1,"KAR"
"1151","down",6,3,1,"KAR"
"1152","down",1,4,1,"KAR"
"1153","left",3,4,1,"KAR"
"1154","down",1,1,1,"KAR"
"1155","down",3,5,1,"KAR"
"1156","down",1,2,1,"KAR"
"1157","down",5,3,1,"KAR"
"1158","down",2,2,1,"KAR"
"1159","down",4,2,1,"KAR"
"1160","left",3,2,1,"KAR"
"1161","down",5,2,1,"KAR"
"1162","down",4,1,1,"KAR"
"1163","down",2,3,1,"KAR"
"1164","down",2,5,1,"LDU"
"1165","down",1,1,1,"LDU"
"1166","down",6,5,1,"LDU"
"1167","down",4,4,1,"LDU"
"1168","down",6,3,1,"LDU"
"1169","right",4,3,1,"LDU"
"1170","down",1,5,1,"LDU"
"1171","down",2,3,1,"LDU"
"1172","down",6,1,1,"LDU"
"1173","down",4,1,1,"LDU"
"1174","down",5,2,1,"LDU"
"1175","down",5,3,1,"LDU"
"1176","down",2,2,1,"LDU"
"1177","down",5,1,1,"LDU"
"1178","down",5,4,1,"LDU"
"1179","right",3,3,1,"LDU"
"1180","down",3,2,1,"LDU"
"1181","down",3,5,1,"LDU"
"1182","down",1,3,1,"LDU"
"1183","down",4,5,1,"LDU"
"1184","down",6,4,1,"LDU"
"1185","down",1,2,1,"LDU"
"1186","down",5,5,1,"LDU"
"1187","down",6,2,1,"LDU"
"1188","down",2,4,1,"LDU"
"1189","right",3,4,1,"LDU"
"1190","down",4,2,1,"LDU"
"1191","down",2,1,1,"LDU"
"1192","down",1,4,1,"LDU"
"1193","down",3,1,1,"LDU"
"1194","right",5,2,1,"MB"
"1195","left",4,2,1,"MB"
"1196","right",2,3,1,"MB"
"1197","down",6,3,1,"MB"
"1198","down",6,2,1,"MB"
"1199","left",4,4,1,"MB"
"1200","right",5,3,1,"MB"
"1201","right",2,2,1,"MB"
"1202","down",5,1,1,"MB"
"1203","right",1,1,1,"MB"
"1204","left",2,4,1,"MB"
"1205","left",6,4,1,"MB"
"1206","down",3,5,1,"MB"
"1207","down",5,5,1,"MB"
"1208","right",1,2,1,"MB"
"1209","right",2,1,1,"MB"
"1210","right",6,1,1,"MB"
"1211","right",3,4,1,"MB"
"1212","right",1,4,1,"MB"
"1213","right",3,2,1,"MB"
"1214","left",3,3,1,"MB"
"1215","right",1,3,1,"MB"
"1216","down",5,4,1,"MB"
"1217","down",4,1,1,"MB"
"1218","right",2,5,1,"MB"
"1219","down",3,1,1,"MB"
"1220","down",1,5,1,"MB"
"1221","down",4,3,1,"MB"
"1222","left",4,5,1,"MB"
"1223","left",6,5,1,"MB"
"1224","down",5,5,1,"MM2"
"1225","down",2,4,1,"MM2"
"1226","down",4,1,1,"MM2"
"1227","down",3,5,1,"MM2"
"1228","down",2,5,1,"MM2"
"1229","down",6,2,1,"MM2"
"1230","down",4,4,1,"MM2"
"1231","down",1,5,1,"MM2"
"1232","down",3,3,1,"MM2"
"1233","down",4,3,1,"MM2"
"1234","down",5,4,1,"MM2"
"1235","down",6,4,1,"MM2"
"1236","down",4,5,1,"MM2"
"1237","down",5,1,1,"MM2"
"1238","down",1,2,1,"MM2"
"1239","down",2,3,1,"MM2"
"1240","down",6,5,1,"MM2"
"1241","down",2,2,1,"MM2"
"1242","down",4,2,1,"MM2"
"1243","down",3,4,1,"MM2"
"1244","left",5,2,1,"MM2"
"1245","down",2,1,1,"MM2"
"1246","left",3,1,1,"MM2"
"1247","right",6,3,1,"MM2"
"1248","down",3,2,1,"MM2"
"1249","right",5,3,1,"MM2"
"1250","down",6,1,1,"MM2"
"1251","right",1,4,1,"MM2"
"1252","right",1,3,1,"MM2"
"1253","down",1,1,1,"MM2"
"1254","down",5,2,1,"MO"
"1255","down",6,5,1,"MO"
"1256","right",1,2,1,"MO"
"1257","down",2,3,1,"MO"
"1258","right",5,1,1,"MO"
"1259","down",3,5,1,"MO"
"1260","down",1,3,1,"MO"
"1261","right",2,2,1,"MO"
"1262","down",4,2,1,"MO"
"1263","left",2,1,1,"MO"
"1264","down",2,5,1,"MO"
"1265","down",6,4,1,"MO"
"1266","down",5,5,1,"MO"
"1267","down",5,4,1,"MO"
"1268","down",3,2,1,"MO"
"1269","left",4,3,1,"MO"
"1270","down",3,4,1,"MO"
"1271","left",1,5,1,"MO"
"1272","left",5,3,1,"MO"
"1273","left",4,5,1,"MO"
"1274","left",3,3,1,"MO"
"1275","left",6,2,1,"MO"
"1276","down",3,1,1,"MO"
"1277","down",4,1,1,"MO"
"1278","down",2,4,1,"MO"
"1279","down",1,4,1,"MO"
"1280","down",6,3,1,"MO"
"1281","down",1,1,1,"MO"
"1282","down",6,1,1,"MO"
"1283","down",4,4,1,"MO"
"1284","down",5,4,1,"MUSs"
"1285","down",3,3,1,"MUSs"
"1286","down",3,5,1,"MUSs"
"1287","down",3,4,1,"MUSs"
"1288","down",6,3,1,"MUSs"
"1289","down",2,2,1,"MUSs"
"1290","down",6,5,1,"MUSs"
"1291","down",4,4,1,"MUSs"
"1292","down",5,2,1,"MUSs"
"1293","down",1,1,1,"MUSs"
"1294","right",5,1,1,"MUSs"
"1295","down",6,2,1,"MUSs"
"1296","down",1,5,1,"MUSs"
"1297","down",1,3,1,"MUSs"
"1298","left",5,3,1,"MUSs"
"1299","left",2,4,1,"MUSs"
"1300","down",2,1,1,"MUSs"
"1301","down",6,4,1,"MUSs"
"1302","down",6,1,1,"MUSs"
"1303","down",4,5,1,"MUSs"
"1304","down",1,4,1,"MUSs"
"1305","down",3,1,1,"MUSs"
"1306","down",1,2,1,"MUSs"
"1307","down",3,2,1,"MUSs"
"1308","down",4,1,1,"MUSs"
"1309","down",2,5,1,"MUSs"
"1310","down",4,2,1,"MUSs"
"1311","down",5,5,1,"MUSs"
"1312","down",2,3,1,"MUSs"
"1313","down",4,3,1,"MUSs"
"1314","down",1,5,1,"PG"
"1315","down",1,2,1,"PG"
"1316","down",3,4,1,"PG"
"1317","down",3,2,1,"PG"
"1318","down",2,1,1,"PG"
"1319","down",1,3,1,"PG"
"1320","down",2,2,1,"PG"
"1321","down",3,1,1,"PG"
"1322","down",5,3,1,"PG"
"1323","left",2,4,1,"PG"
"1324","left",3,5,1,"PG"
"1325","down",5,1,1,"PG"
"1326","down",2,3,1,"PG"
"1327","left",6,4,1,"PG"
"1328","down",4,1,1,"PG"
"1329","left",4,5,1,"PG"
"1330","down",1,1,1,"PG"
"1331","down",3,3,1,"PG"
"1332","left",2,5,1,"PG"
"1333","left",5,5,1,"PG"
"1334","left",6,2,1,"PG"
"1335","left",4,4,1,"PG"
"1336","down",1,4,1,"PG"
"1337","left",5,2,1,"PG"
"1338","left",6,3,1,"PG"
"1339","down",6,1,1,"PG"
"1340","down",4,2,1,"PG"
"1341","down",4,3,1,"PG"
"1342","left",6,5,1,"PG"
"1343","left",5,4,1,"PG"
"1344","down",4,3,1,"PZV"
"1345","down",5,5,1,"PZV"
"1346","down",1,2,1,"PZV"
"1347","down",3,3,1,"PZV"
"1348","down",2,1,1,"PZV"
"1349","down",1,4,1,"PZV"
"1350","down",2,3,1,"PZV"
"1351","down",1,1,1,"PZV"
"1352","down",2,4,1,"PZV"
"1353","down",1,5,1,"PZV"
"1354","down",5,2,1,"PZV"
"1355","down",4,2,1,"PZV"
"1356","down",2,5,1,"PZV"
"1357","down",6,4,1,"PZV"
"1358","down",5,1,1,"PZV"
"1359","left",3,4,1,"PZV"
"1360","left",5,3,1,"PZV"
"1361","down",3,5,1,"PZV"
"1362","down",3,2,1,"PZV"
"1363","left",6,1,1,"PZV"
"1364","down",6,3,1,"PZV"
"1365","down",5,4,1,"PZV"
"1366","down",6,5,1,"PZV"
"1367","down",2,2,1,"PZV"
"1368","left",6,2,1,"PZV"
"1369","down",1,3,1,"PZV"
"1370","down",4,4,1,"PZV"
"1371","down",3,1,1,"PZV"
"1372","left",4,5,1,"PZV"
"1373","left",4,1,1,"PZV"
"1374","right",6,2,1,"TPS"
"1375","down",2,2,1,"TPS"
"1376","right",6,1,1,"TPS"
"1377","down",6,4,1,"TPS"
"1378","down",1,2,1,"TPS"
"1379","down",2,4,1,"TPS"
"1380","down",5,5,1,"TPS"
"1381","left",4,3,1,"TPS"
"1382","left",5,3,1,"TPS"
"1383","left",3,3,1,"TPS"
"1384","left",4,4,1,"TPS"
"1385","left",4,5,1,"TPS"
"1386","down",2,1,1,"TPS"
"1387","down",1,3,1,"TPS"
"1388","down",3,5,1,"TPS"
"1389","down",1,1,1,"TPS"
"1390","down",6,3,1,"TPS"
"1391","down",5,1,1,"TPS"
"1392","left",6,5,1,"TPS"
"1393","down",4,1,1,"TPS"
"1394","left",2,3,1,"TPS"
"1395","down",3,2,1,"TPS"
"1396","down",1,5,1,"TPS"
"1397","down",3,1,1,"TPS"
"1398","down",5,2,1,"TPS"
"1399","left",2,5,1,"TPS"
"1400","down",1,4,1,"TPS"
"1401","down",4,2,1,"TPS"
"1402","down",3,4,1,"TPS"
"1403","down",5,4,1,"TPS"
"1404","down",2,2,1,"VR"
"1405","down",1,1,1,"VR"
"1406","down",1,5,1,"VR"
"1407","down",3,2,1,"VR"
"1408","down",3,1,1,"VR"
"1409","right",5,3,1,"VR"
"1410","left",6,3,1,"VR"
"1411","left",5,2,1,"VR"
"1412","left",6,1,1,"VR"
"1413","down",3,3,1,"VR"
"1414","left",4,1,1,"VR"
"1415","down",5,1,1,"VR"
"1416","down",3,4,1,"VR"
"1417","down",2,4,1,"VR"
"1418","down",1,2,1,"VR"
"1419","left",2,3,1,"VR"
"1420","left",4,5,1,"VR"
"1421","left",6,2,1,"VR"
"1422","down",2,1,1,"VR"
"1423","down",1,3,1,"VR"
"1424","down",6,5,1,"VR"
"1425","down",5,5,1,"VR"
"1426","down",4,2,1,"VR"
"1427","right",4,4,1,"VR"
"1428","down",3,5,1,"VR"
"1429","down",2,5,1,"VR"
"1430","down",6,4,1,"VR"
"1431","down",1,4,1,"VR"
"1432","down",4,3,1,"VR"
"1433","left",5,4,1,"VR"
"1434","down",3,4,1,"SHUKs"
"1435","down",6,1,1,"SHUKs"
"1436","down",1,1,1,"SHUKs"
"1437","down",4,2,1,"SHUKs"
"1438","right",5,1,1,"SHUKs"
"1439","down",4,1,1,"SHUKs"
"1440","down",2,5,1,"SHUKs"
"1441","down",6,3,1,"SHUKs"
"1442","down",6,5,1,"SHUKs"
"1443","down",1,4,1,"SHUKs"
"1444","down",6,4,1,"SHUKs"
"1445","down",2,2,1,"SHUKs"
"1446","down",2,4,1,"SHUKs"
"1447","down",1,5,1,"SHUKs"
"1448","down",6,2,1,"SHUKs"
"1449","down",3,1,1,"SHUKs"
"1450","down",3,5,1,"SHUKs"
"1451","down",3,3,1,"SHUKs"
"1452","down",2,3,1,"SHUKs"
"1453","down",1,3,1,"SHUKs"
"1454","down",4,4,1,"SHUKs"
"1455","down",2,1,1,"SHUKs"
"1456","down",4,3,1,"SHUKs"
"1457","down",4,5,1,"SHUKs"
"1458","down",5,5,1,"SHUKs"
"1459","down",3,2,1,"SHUKs"
"1460","down",5,2,1,"SHUKs"
"1461","down",5,4,1,"SHUKs"
"1462","down",1,2,1,"SHUKs"
"1463","down",5,3,1,"SHUKs"
"1464","down",2,3,1,"SND"
"1465","down",4,1,1,"SND"
"1466","down",6,3,1,"SND"
"1467","right",6,1,1,"SND"
"1468","down",3,3,1,"SND"
"1469","right",1,2,1,"SND"
"1470","down",5,3,1,"SND"
"1471","down",4,4,1,"SND"
"1472","left",3,5,1,"SND"
"1473","left",5,5,1,"SND"
"1474","down",5,4,1,"SND"
"1475","left",2,4,1,"SND"
"1476","down",2,1,1,"SND"
"1477","left",1,5,1,"SND"
"1478","left",2,2,1,"SND"
"1479","down",3,2,1,"SND"
"1480","down",1,1,1,"SND"
"1481","down",3,1,1,"SND"
"1482","left",3,4,1,"SND"
"1483","down",1,3,1,"SND"
"1484","left",6,2,1,"SND"
"1485","left",4,2,1,"SND"
"1486","left",2,5,1,"SND"
"1487","left",5,2,1,"SND"
"1488","left",4,5,1,"SND"
"1489","left",4,3,1,"SND"
"1490","down",6,4,1,"SND"
"1491","down",5,1,1,"SND"
"1492","down",6,5,1,"SND"
"1493","left",1,4,1,"SND"
